Names, Plates
Sam Ondricka
Doug Nolan
Carter Lockman
Dovie Dooley
Peyton Watsica
Hadley Donnelly
Willie Fahey
Leann Schimmel
Raymond Reichel
Tyshawn Jast
Shawna Lang
Giovanny Johnston
Eula Bechtelar
Ettie Dickinson
Lesly Grant
Vallie Cronin
Anais Murazik
Devante Gislason
Darion Hirthe
Sidney Koss
Amelia Paucek
Shemar O'Connell
Brycen Connelly
Fleta Wiegand
Lauretta Hagenes
Emma Labadie
Paige Reynolds
Evan O'Keefe
Ocie Schaefer
Dangelo Abbott
Otilia Conroy
Alek Frami
Tyshawn Cassin
Shane Mann
Augusta Witting
Kaylie Hermiston
Zoie Langworth
Raphaelle McCullough
Samantha Auer
Jamil Hand
Monty Brekke
Raphaelle Hessel
Victor Little
Vita Dare
Mackenzie Gislason
Rosalee Erdman
Dwight Skiles
Carolina Hoeger
Minerva Flatley
Renee Torphy
Vincenzo Kuhn
Abel Stroman
Jack Greenfelder
Jaylon Cremin
Kris Stracke
Mortimer Douglas
Marilie Bechtelar
Aurelie Lebsack
Griffin Dickinson
Koby Reichert
Sister Walsh
Lucy Metz
June Luettgen
Lauretta Mante
Ransom Conn
Alberto Doyle
Chyna Lehner
Dangelo Bode
Rosamond Walker
Abbey Hettinger
Sigurd Windler
Jerrell Harvey
Keira Abernathy
Julianne Jacobs
Ed Zulauf
Joannie Hammes
Quinn Reilly
Urban Hettinger
Anne Greenholt
Omari O'Conner
Aditya Kozey
Hester Veum
Columbus Hilll
Bill Renner
Cristopher Gerhold
Josephine Heidenreich
Gabriella Kovacek
Ona Kirlin
Destiney Hoppe
Arvilla Heaney
Icie Christiansen
Madge Jerde
Beaulah Quigley
Preston Shields
Franz Russel
Ebba Lockman
Allie Buckridge
Orland Hodkiewicz
Francisco Mann
Oleta White
Ima Prosacco
Kacie Monahan
Estel Orn
Agustina Hahn
Thelma Robel
Margot Fadel
Corene Witting
Jessie Armstrong
Lou Robel
Adrianna Swift
Ettie Terry
Fatima Dach
Orpha Abshire
Kara Smith
Juliana Gislason
Brian Lockman
Kamille Hoppe
Loyce Boyle
Frederik Muller
Maya Ratke
Franco Bahringer
Cathrine Zboncak
Aryanna Prosacco
Aisha Herzog
Roger Schinner
Malinda Rutherford
Annabel Tillman
Astrid Gerhold
Melba Schuppe
Hilda Dickens
Kirk Lehner
Noel Walker
Tracey Kerluke
Jesus Ernser
Gisselle Kub
Xavier Schuster
Kelley Daugherty
Chanel Swaniawski
Carissa Lemke
Larry Paucek
Ana Waters
Suzanne Bode
Desmond Harris
Melody Reichel
Milford Dare
Eveline Schulist
Jaqueline Kunde
Diamond Hackett
Ellsworth Oberbrunner
Cicero Volkman
Jacinto Daugherty
Rick Berge
Albert Lockman
Roosevelt Murphy
Janick Conn
Cullen Kuhn
Haven Luettgen
Estell Moen
Thelma Volkman
Sonya Bernhard
Lowell Abshire
Hailie Weissnat
Timmy Bayer
Nicolas Carroll
Lolita Dach
Vallie Jacobs
Joaquin Schinner
Aiyana Waelchi
Fiona Schaden
Yadira Pfeffer
Jesse Jerde
Tiffany Miller
Jasmin Donnelly
Dereck Lemke
Fausto Auer
Ezekiel O'Kon
Ansel Fadel
Diego Schoen
Hortense DuBuque
Humberto Rath
Dion Wuckert
Luz Becker
Stone Hermann
Makayla Zulauf
Elsa Jenkins
Leonardo Okuneva
Carlee Effertz
Ashlynn Hansen
Maryjane Howe
Laurie Mayer
Jarvis Wilderman
Regan Walker
Sallie Dickinson
Antonietta Runte
Camille Mayert
Deven Schmidt
Katharina Bartell
Katrine Stroman
Carolyn Kassulke
Rogelio Conn
Ettie Ondricka
Destiny Schimmel
Dessie Sipes
Abagail Reichel
Matteo Gerhold
Laurie Sawayn
Aaron Klein
Estella Conroy
Florine Maggio
Jay Windler
Filiberto Smith
Ally Schaden
Lempi Rowe
Aleen Donnelly
Laurence Langworth
Laurel Auer
Kaylah Huel
Herbert Maggio
Jaden Schamberger
Chesley Swift
Jacinthe Windler
Zoie Abbott
Ines Kunze
Titus Wolf
Gilda Braun
Emmet Lehner
Marlee Dicki
Ned Powlowski
Mafalda Orn
Imogene Block
Destini Borer
Mallie Bechtelar
Agustina Boyle
Kylie Funk
Billie Koch
Rick Moen
Muhammad Oberbrunner
Justice Orn
Kameron Cummings
Barrett Lockman
Hortense Brown
Susie Marquardt
Alessandro Little
Dane Paucek
Barney Kirlin
Dannie Weissnat
Mallory Gusikowski
Julian Kovacek
Aracely Kulas
Orlando Herzog
Shyanne Dickens
Savannah Pollich
Douglas Lemke
Holden Braun
Tillman Steuber
Ova O'Conner
Celestino Gusikowski
Tre Beatty
Sister Considine
Madyson Hagenes
Cecilia Koch
Lamar Orn
Trever Runolfsson
Felipe Satterfield
Ettie Larson
Alysa Mosciski
Ruth Smitham
Silas Schaden
Fannie Herman
Luisa Lynch
Regan Champlin
John Becker
Eli Rowe
Guadalupe Pfannerstill
Alycia Schneider
Jaylon Greenholt
Alden Kuphal
Alyson Kulas
Bradley Bruen
Brianne Dare
Tressie Schoen
Ariel Erdman
Flavie Smith
Genoveva Jacobi
Jason Torphy
Jayne Purdy
Kristopher Ernser
Lourdes Streich
Ava Stanton
Alberto Blick
Frieda Steuber
Kiana Boehm
Duncan Schimmel
Sunny Shanahan
Jeanie Carter
Arno Collier
Emory Will
Shanny Langosh
Elton Smitham
Lucienne King
Dedrick O'Hara
Jade Farrell
Malcolm Goldner
Lambert Jakubowski
Moises Heidenreich
Wilburn Ernser
Hilario Towne
Dennis Frami
Andrew Mante
Levi Kshlerin
Isaac Schmeler
Rosario Oberbrunner
Gordon Wintheiser
Hailie Effertz
Dane Morar
Priscilla Blanda
Kade Walter
Brianne Lind
Dasia Keebler
Sofia Lubowitz
Brianne Erdman
Myrtle Daniel
Orrin Brown
Zachery Wyman
Elijah Wiza
Simone Durgan
Efren Ledner
Tianna McLaughlin
Carolyne Hintz
Joan Lebsack
Arely Waelchi
Eloisa Parisian
Marilyne Rosenbaum
Brown Haag
Melissa Beier
Clifford Dickinson
Nicolas Skiles
Layla Reichel
Lupe Ankunding
Leola Morar
Ibrahim Feest
Emilia Kerluke
Grady Carroll
Nina Ritchie
Mckenzie O'Hara
Lavinia Greenholt
Prudence Boehm
Omari Bruen
Thalia Pollich
Ava Baumbach
Wilhelm Terry
Jay Schaefer
Deion Mueller
Furman Kassulke
Mack Mosciski
Kristian Smitham
Stefan Bergnaum
Jannie Zboncak
Florencio Heidenreich
Marjory Effertz
Eva Rodriguez
Dewayne Okuneva
Chelsey Veum
Marilyne Bergstrom
Tressa Rolfson
Abbey Keeling
Royce Kutch
Allene Zieme
Levi Kuphal
Sim Keebler
Audreanne Wilderman
Shyann Mayert
Lee Collins
Kaden Mann
Francisca Durgan
Carey Adams
Duane Kling
Korbin Dooley
Pascale Rogahn
Lyla Sporer
Simeon Rippin
Isabel Ankunding
Marilyne Torphy
Mireya Roob
Libbie Doyle
Thalia Collins
Rosie Aufderhar
Merritt Nicolas
Carolanne Block
Ulices Price
Charlie Koelpin
Ryan Lueilwitz
Bradley MacGyver
Carleton Ullrich
Chet Hyatt
Eusebio Gusikowski
Kadin Bauch
Moses Marvin
Fay Spencer
Emmanuel Turner
Justen Dare
Mose Marquardt
Eliane Osinski
Hailee Hegmann
Sally Thompson
Trudie Strosin
Jailyn Mills
Sylvester Stroman
Deonte Bartell
Shayne Russel
Juston Hermiston
Millie Crist
Albert Lindgren
Leilani Schumm
Timothy Waelchi
Daniella Morar
Bradford Daniel
Shakira Little
Vada Cruickshank
Casandra Labadie
Reynold Bernier
Amber Beier
Jerry Turner
Ephraim Kertzmann
Tina Dicki
Zion Gutmann
Meta Rau
Imani Roberts
Fleta Daugherty
Ralph Becker
Nico Willms
Eliane Klein
Durward Farrell
Ellie Terry
Franco Farrell
Karolann Johnson
Jovany Rodriguez
Madie Schoen
Marlene Nienow
Citlalli Reilly
Ellsworth Harber
Anahi Bashirian
Ulises Cruickshank
Earnest Kiehn
Domenick Hane
Krystel Hackett
Odell Dickens
Jesus Brown
Hertha Bechtelar
Dandre Feeney
Jaida Stoltenberg
Ethan Gottlieb
Athena Satterfield
Oren Collier
Jamarcus Weber
Bennett Kilback
Alvena Swaniawski
Ken McCullough
Obie Bosco
Marianne Davis
Flo Heaney
Ellis Gorczany
Delphia Pacocha
Eleazar Becker
Garret Littel
Jimmy Gaylord
Kelly Tromp
Quentin Zulauf
Fermin Shanahan
Delilah Stracke
Lilla Nitzsche
Rosetta Hodkiewicz
Breana Gusikowski
Chaya Corwin
Cicero Hintz
Marvin Marvin
Brendon Rolfson
Santiago Ward
Dino Tromp
Ethelyn Brakus
Stella Von
Jordane Swift
Ofelia Olson
Scarlett Walter
Lue Lesch
Courtney Kuhn
Aimee Emard
Jude Davis
Jamison Tremblay
Landen Barrows
Willis Mertz
Zaria Borer
Deonte Larkin
Dana Metz
Candido Quitzon
Queen Stokes
Waldo Blick
Adrian Lakin
Victor Krajcik
Khalid Towne
Bret Jaskolski
Chloe Parisian
Gerard Botsford
Margarete Keebler
Guido Bernhard
Delbert Bartell
Nestor Mann
Eloy Becker
London Morissette
Kirsten Grady
Hildegard Kris
Kristy Franecki
Rae Grimes
Lelah Renner
Dwight O'Connell
Allene Reinger
Nicola Smith
Sylvan Bogisich
Tyree Hayes
Lina Jacobson
Rupert Johnston
Martin Adams
Tavares Kub
Alec Thompson
Alanna Emard
Rachelle Ritchie
Roslyn Breitenberg
Camron Fay
Simone Powlowski
Miles Lang
Nicole O'Connell
Dee Rogahn
Louvenia Champlin
Mohamed Flatley
Magdalen O'Reilly
Vito Wolff
Verlie Rath
Juana Renner
Priscilla Stiedemann
Darrion Kemmer
Eladio Kuhic
Nils Hagenes
Jessika Auer
Rahul Okuneva
Lennie Bahringer
Garnett Block
Angelina Torp
Mckayla Lowe
Idell Wintheiser
Pat Cole
Jeramie Schaefer
Jonathon Douglas
Jesse Baumbach
Maudie Medhurst
Taurean Toy
Sammie Wolff
Allene Botsford
Loyce Jacobson
Newell Jast
Pink Corwin
Jeffery Gottlieb
Sandrine Hane
Kody Toy
Litzy Hilll
Jeramie Roberts
Ali Kuhic
Sienna Littel
Ardith Fahey
Nestor Kovacek
Gregorio Kutch
Jayne Carter
Rowena Huels
Grady Stokes
Wilber Emmerich
Helene Yost
Ettie Hackett
Dell Kovacek
Brody Jerde
Casandra Ratke
Ashlynn Dach
Jazlyn Beier
Maximus Senger
Laurie Labadie
Krystina Lockman
Oswaldo Graham
Arnulfo Wehner
Felix Rohan
Rickie Reilly
Camryn Howell
Bette Armstrong
Melyna Fadel
Guy Weissnat
Nichole Wilderman
Gage Langosh
Rosalind White
Carmel Ritchie
Eddie Bahringer
Ryder Thompson
Concepcion Hackett
Durward Carroll
Karlee Mosciski
Rachael Carroll
Scottie Hammes
Kirk Reichel
Romaine O'Hara
Dante Lind
Bethel Walsh
Jaqueline Jenkins
Verna MacGyver
Mireya Wehner
Earline Green
Albert Murphy
Hiram Bosco
Dean Bartoletti
Justine Dietrich
Tamia Gleason
Cory Stracke
Rahsaan Windler
Gabrielle Pfeffer
Kaycee Prosacco
Orin Considine
Cameron Stroman
Effie Miller
Beth Larkin
Forest Dare
Giovani Leuschke
Wanda Cremin
Merlin Hauck
Amely Morar
Meredith Gislason
Keanu Wiza
Bertrand Goldner
Llewellyn Lueilwitz
Cleo Willms
Jordy Schimmel
Colby Wisoky
Kendra Marks
Allie Stanton
Kylee Schneider
Annalise Haag
Leanna Walsh
Allison Boyer
Leland Quitzon
Adrianna Gusikowski
Madonna Wiza
Roxanne Moore
Linnie Grady
Pearline Langosh
Chanel Towne
Amaya Conn
Burdette Baumbach
Kory Dibbert
Verla Mills
Bernadine Daugherty
Marietta Conn
Westley Considine
Ida Feeney
Kayden Crona
Kellie Kreiger
Bethel Grady
Leda Runte
Pascale Lesch
Justina Emmerich
Meda Jast
Wilford Bailey
Myrtie Barton
Vivian Jones
Reginald Carroll
Zelda Turcotte
August Littel
Kailyn Kulas
Nels Bode
Christa Quigley
Anderson Hermiston
Joan Johns
Arne Kling
Domenick Dibbert
Bertrand Jacobson
Emmalee Bruen
Elza Hartmann
Lawrence Kreiger
Gilda Fritsch
Robert Johnson
Bridgette Spinka
Mia Beahan
Sierra Krajcik
Kavon Leffler
Donald Veum
Garry Zulauf
Lorenzo Glover
Jed Walker
Novella Schiller
Blanche Walker
Terry Okuneva
Marie Price
Ara Rowe
Era Homenick
Darrion Stiedemann
Doug Boehm
Greta Towne
Carolina Thiel
Hattie West
Bethel Ferry
Gino Okuneva
Elizabeth Dickens
Zachery Kuphal
Jennie Feil
Marianna Paucek
Jimmie Lehner
Stone Batz
Madisyn Harris
Donny Shanahan
Alberta Reilly
Liza Cassin
Juliet Berge
Maribel Blanda
Norbert Williamson
Carlo Weimann
Robin Zieme
Virginia Beahan
Carlee Lang
Zechariah Brekke
Sylvester Hickle
Mossie Gutmann
Wendy Davis
Mertie Hermiston
Paxton Roberts
Berneice Lemke
Kane Treutel
Arvilla Lehner
Herminia Powlowski
Dwight Durgan
Sandrine Shanahan
Leonora Mayer
Yvonne Cremin
Shanna Moen
Kade Hauck
Zora Little
Adolf Koch
Alisa Toy
Rickey Yundt
Alfonzo Willms
Remington Runolfsdottir
Nico Watsica
Elna Smith
Nannie Mosciski
Neil Hackett
Torrey Roob
Leopold Hyatt
Dudley Hoppe
Miles Champlin
Madaline Langworth
Orlando Tromp
Destini Marvin
Sierra Koelpin
Margarette Will
Okey Bednar
Ruthie Leannon
Daniela Blanda
Kade Fahey
Wade Macejkovic
Jerel Mitchell
Lorenza Sawayn
Halie Turcotte
Sadie Greenholt
Arnaldo Robel
Luciano Cruickshank
Garrick Lebsack
Marlen Schaden
Keaton Spinka
Jerrold Bartoletti
Brandon Becker
Hanna Howe
Elias Purdy
Alfredo Dicki
Gaetano Jacobi
Anderson Wilderman
Caroline Tromp
Darrin Reilly
Mathias Murazik
Annabell Veum
Alexys Kuphal
Estelle Will
Letitia Schuppe
Eula Doyle
Ramona Runolfsson
Tristin Waelchi
Daphnee McDermott
Paul Volkman
Destiney Kreiger
Cletus Thiel
Ebony Crist
Sarina Towne
Phoebe Hamill
Reynold Bogisich
Charley Murazik
Garrett Durgan
Madelynn Bosco
Cleo Roob
Ethyl Torp
Davon Braun
Vella Brown
Raphaelle Conn
Noemy Langworth
Herbert Heidenreich
Ara Hamill
Kameron Konopelski
Tiara Dicki
Joaquin Smith
Domingo Ziemann
Julia Streich
Linwood Feil
Moshe Rath
Remington Bergnaum
Cristopher Aufderhar
Zakary Thompson
Onie Rath
Jorge Pollich
Caden Keebler
Federico Ernser
Conrad Hintz
Manuel Green
Jasen Altenwerth
Alyson Emmerich
Alexa Feil
Quinten Kshlerin
Fleta Koepp
Domingo Rippin
Elena Pfannerstill
Myrl Feest
Name Harvey
Noble Kutch
Jarret Ledner
Jedidiah Sanford
Clint Emmerich
Alexie Johnston
Beaulah Schaden
Paula Legros
Kiley Wuckert
Alexys Towne
Jerad Lebsack
Cletus Hills
Jacynthe Bogisich
Jessika Fisher
Deshawn Wisoky
Frederic Schulist
Antonietta Oberbrunner
Alexane Bergnaum
Harmony Reichert
Hailie Miller
Katlyn VonRueden
Kayla Block
Kendall Herman
Violet Barrows
Alexie Kautzer
Conor Casper
Shawn Rippin
Mallory Cole
Kameron Waters
Rex Cartwright
Gilberto Schmitt
Jordan Metz
Madisen Emard
Ron Russel
Ozella Feest
Hayden Lindgren
Herminio Jast
Destin Barrows
Idell Christiansen
Breanne Windler
Keagan Farrell
Dejah Buckridge
Raoul Maggio
Baron Bruen
Duncan Trantow
Omer Romaguera
Constantin Muller
Erna Schroeder
Braxton Lang
Hassan Corwin
Fabiola Ward
Nora Stamm
Geovanny Considine
Greg Treutel
Amparo Johns
Earl Ferry
Harold Beatty
Mike Upton
Ava Vandervort
Haylee Schimmel
Abigayle Wyman
Montana Towne
Alanna Williamson
Uriah Stamm
Tania Braun
Kirk Hilpert
Myrl Anderson
Jaren Goldner
Jailyn Stiedemann
Chanel Maggio
Nettie Quitzon
Dustin Balistreri
Cyrus Steuber
Arnulfo Beahan
Jerel Ferry
Melissa Corkery
Ivory Stamm
Harry Lemke
Antoinette Brakus
Justyn Schumm
Carlotta Dietrich
Jaden Block
Frances Frami
Kristofer Dach
Imogene Hills
Ines Reynolds
Tatum Effertz
Lionel Casper
Kitty Bahringer
Tyler Heathcote
Theodore Hermiston
Ellsworth Gerlach
Melyna Lehner
Demetris Huels
Alexandro Bradtke
Jaron Bergnaum
Cleora Herman
Anabelle Predovic
Kelly Smitham
Serena Senger
Earnest Emmerich
Maia Walsh
Randi Lakin
Clara Carter
Lydia Powlowski
Maida Corkery
Cecelia Kihn
Marquise Crist
Krystel McCullough
Torrance Stamm
Ressie Schiller
Delfina Williamson
Cullen Skiles
Brionna Pouros
Bryon VonRueden
Marcella Wolff
Markus Quigley
Damion Streich
Cecelia Wunsch
Cole Mitchell
Gonzalo Langworth
Valentine Orn
Weston Kunze
Jordyn Pouros
Kory Schaefer
Judd Lesch
Melany Beatty
Newell Lind
Dewayne O'Keefe
Bryon Howe
Roxane Boyer
Marjory Schroeder
Retha Leuschke
Tianna Yost
Maryjane Marks
Everardo Powlowski
Clark Brakus
Ashleigh Beier
Joan Strosin
Peggie Kautzer
Aurelio Shanahan
Kylie Hessel
Micaela Batz
Ayden Hagenes
Federico Tremblay
Rowena Rempel
Deja McGlynn
Pete Aufderhar
Karlie Walker
Henri Marvin
Giovanna Kerluke
Damian Trantow
Merritt Fisher
Lawson Hessel
Alyson Bayer
Erna Sipes
Gennaro Kessler
Tanya Lehner
Liana Feeney
Melyssa Raynor
Therese Ratke
Zena Denesik
Izabella Gutmann
Lee Klein
Chad Adams
Mario Hudson
Bertha Anderson
Antwon Goodwin
Xander Walter
Ellen Adams
